{"layout": {"colorway": ["#1F77B4", "#FF7F0E", "#2CA02C", "#D62728", "#9467BD", "#8C564B", "#E377C2", "#7F7F7F", "#BCBD22", "#17BECF"], "font": {"color": "rgb(36,36,36)"}, "hovermode": "closest", "hoverlabel": {"align": "left"}, "paper_bgcolor": "white", "plot_bgcolor": "white", "polar": {"bgcolor": "white", "angularaxis": {"gridcolor": "rgb(232,232,232)", "linecolor": "rgb(36,36,36)", "showgrid": false, "showline": true, "ticks": "outside"}, "radialaxis": {"gridcolor": "rgb(232,232,232)", "linecolor": "rgb(36,36,36)", "showgrid": false, "showline": true, "ticks": "outside"}}, "ternary": {"bgcolor": "white", "aaxis": {"gridcolor": "rgb(232,232,232)", "linecolor": "rgb(36,36,36)", "showgrid": false, "showline": true, "ticks": "outside"}, "baxis": {"gridcolor": "rgb(232,232,232)", "linecolor": "rgb(36,36,36)", "showgrid": false, "showline": true, "ticks": "outside"}, "caxis": {"gridcolor": "rgb(232,232,232)", "linecolor": "rgb(36,36,36)", "showgrid": false, "showline": true, "ticks": "outside"}}, "coloraxis": {"colorbar": {"outlinewidth": 10, "tickcolor": "rgb(36,36,36)", "ticklen": 8, "ticks": "outside", "tickwidth": 2}}, "colorscale": {"sequential": [[0.0, "#440154"], [0.1111111111111111, "#482878"], [0.2222222222222222, "#3e4989"], [0.3333333333333333, "#31688e"], [0.4444444444444444, "#26828e"], [0.5555555555555556, "#1f9e89"], [0.6666666666666666, "#35b779"], [0.7777777777777778, "#6ece58"], [0.8888888888888888, "#b5de2b"], [1.0, "#fde725"]], "sequentialminus": [[0.0, "#440154"], [0.1111111111111111, "#482878"], [0.2222222222222222, "#3e4989"], [0.3333333333333333, "#31688e"], [0.4444444444444444, "#26828e"], [0.5555555555555556, "#1f9e89"], [0.6666666666666666, "#35b779"], [0.7777777777777778, "#6ece58"], [0.8888888888888888, "#b5de2b"], [1.0, "#fde725"]], "diverging": [[0.0, "rgb(103,0,31)"], [0.1, "rgb(178,24,43)"], [0.2, "rgb(214,96,77)"], [0.3, "rgb(244,165,130)"], [0.4, "rgb(253,219,199)"], [0.5, "rgb(247,247,247)"], [0.6, "rgb(209,229,240)"], [0.7, "rgb(146,197,222)"], [0.8, "rgb(67,147,195)"], [0.9, "rgb(33,102,172)"], [1.0, "rgb(5,48,97)"]]}, "xaxis": {"gridcolor": "rgb(232,232,232)", "linecolor": "rgb(36,36,36)", "showgrid": false, "showline": true, "ticks": "outside", "title": {"standoff": 15}, "zerolinecolor": "rgb(36,36,36)", "automargin": true, "zeroline": false}, "yaxis": {"gridcolor": "rgb(232,232,232)", "linecolor": "rgb(36,36,36)", "showgrid": false, "showline": true, "ticks": "outside", "title": {"standoff": 15}, "zerolinecolor": "rgb(36,36,36)", "automargin": true, "zeroline": false}, "scene": {"xaxis": {"backgroundcolor": "white", "gridcolor": "rgb(232,232,232)", "linecolor": "rgb(36,36,36)", "showbackground": true, "showgrid": false, "showline": true, "ticks": "outside", "zerolinecolor": "rgb(36,36,36)", "gridwidth": 2, "zeroline": false}, "yaxis": {"backgroundcolor": "white", "gridcolor": "rgb(232,232,232)", "linecolor": "rgb(36,36,36)", "showbackground": true, "showgrid": false, "showline": true, "ticks": "outside", "zerolinecolor": "rgb(36,36,36)", "gridwidth": 2, "zeroline": false}, "zaxis": {"backgroundcolor": "white", "gridcolor": "rgb(232,232,232)", "linecolor": "rgb(36,36,36)", "showbackground": true, "showgrid": false, "showline": true, "ticks": "outside", "zerolinecolor": "rgb(36,36,36)", "gridwidth": 2, "zeroline": false}}, "shapedefaults": {"fillcolor": "black", "line": {"width": 0}, "opacity": 0.3}, "annotationdefaults": {"arrowhead": 0, "arrowwidth": 1}, "geo": {"bgcolor": "white", "landcolor": "white", "subunitcolor": "white", "showland": true, "showlakes": true, "lakecolor": "white"}, "title": {"x": 0.05}, "mapbox": {"style": "light"}}, "data": {"histogram2dcontour": [{"type": "histogram2dcontour", "colorbar": {"outlinewidth": 10, "tickcolor": "rgb(36,36,36)", "ticklen": 8, "ticks": "outside", "tickwidth": 2}, "colorscale": [[0.0, "#440154"], [0.1111111111111111, "#482878"], [0.2222222222222222, "#3e4989"], [0.3333333333333333, "#31688e"], [0.4444444444444444, "#26828e"], [0.5555555555555556, "#1f9e89"], [0.6666666666666666, "#35b779"], [0.7777777777777778, "#6ece58"], [0.8888888888888888, "#b5de2b"], [1.0, "#fde725"]]}], "choropleth": [{"type": "choropleth", "colorbar": {"outlinewidth": 10, "tickcolor": "rgb(36,36,36)", "ticklen": 8, "ticks": "outside", "tickwidth": 2}}], "histogram2d": [{"type": "histogram2d", "colorbar": {"outlinewidth": 10, "tickcolor": "rgb(36,36,36)", "ticklen": 8, "ticks": "outside", "tickwidth": 2}, "colorscale": [[0.0, "#440154"], [0.1111111111111111, "#482878"], [0.2222222222222222, "#3e4989"], [0.3333333333333333, "#31688e"], [0.4444444444444444, "#26828e"], [0.5555555555555556, "#1f9e89"], [0.6666666666666666, "#35b779"], [0.7777777777777778, "#6ece58"], [0.8888888888888888, "#b5de2b"], [1.0, "#fde725"]]}], "heatmap": [{"type": "heatmap", "colorbar": {"outlinewidth": 10, "tickcolor": "rgb(36,36,36)", "ticklen": 8, "ticks": "outside", "tickwidth": 2}, "colorscale": [[0.0, "#440154"], [0.1111111111111111, "#482878"], [0.2222222222222222, "#3e4989"], [0.3333333333333333, "#31688e"], [0.4444444444444444, "#26828e"], [0.5555555555555556, "#1f9e89"], [0.6666666666666666, "#35b779"], [0.7777777777777778, "#6ece58"], [0.8888888888888888, "#b5de2b"], [1.0, "#fde725"]]}], "heatmapgl": [{"type": "heatmapgl", "colorbar": {"outlinewidth": 10, "tickcolor": "rgb(36,36,36)", "ticklen": 8, "ticks": "outside", "tickwidth": 2}, "colorscale": [[0.0, "#440154"], [0.1111111111111111, "#482878"], [0.2222222222222222, "#3e4989"], [0.3333333333333333, "#31688e"], [0.4444444444444444, "#26828e"], [0.5555555555555556, "#1f9e89"], [0.6666666666666666, "#35b779"], [0.7777777777777778, "#6ece58"], [0.8888888888888888, "#b5de2b"], [1.0, "#fde725"]]}], "contourcarpet": [{"type": "contourcarpet", "colorbar": {"outlinewidth": 10, "tickcolor": "rgb(36,36,36)", "ticklen": 8, "ticks": "outside", "tickwidth": 2}}], "contour": [{"type": "contour", "colorbar": {"outlinewidth": 10, "tickcolor": "rgb(36,36,36)", "ticklen": 8, "ticks": "outside", "tickwidth": 2}, "colorscale": [[0.0, "#440154"], [0.1111111111111111, "#482878"], [0.2222222222222222, "#3e4989"], [0.3333333333333333, "#31688e"], [0.4444444444444444, "#26828e"], [0.5555555555555556, "#1f9e89"], [0.6666666666666666, "#35b779"], [0.7777777777777778, "#6ece58"], [0.8888888888888888, "#b5de2b"], [1.0, "#fde725"]]}], "surface": [{"type": "surface", "colorbar": {"outlinewidth": 10, "tickcolor": "rgb(36,36,36)", "ticklen": 8, "ticks": "outside", "tickwidth": 2}, "colorscale": [[0.0, "#440154"], [0.1111111111111111, "#482878"], [0.2222222222222222, "#3e4989"], [0.3333333333333333, "#31688e"], [0.4444444444444444, "#26828e"], [0.5555555555555556, "#1f9e89"], [0.6666666666666666, "#35b779"], [0.7777777777777778, "#6ece58"], [0.8888888888888888, "#b5de2b"], [1.0, "#fde725"]]}], "mesh3d": [{"type": "mesh3d", "colorbar": {"outlinewidth": 10, "tickcolor": "rgb(36,36,36)", "ticklen": 8, "ticks": "outside", "tickwidth": 2}}], "scatter": [{"type": "scatter", "marker": {"colorbar": {"outlinewidth": 10, "tickcolor": "rgb(36,36,36)", "ticklen": 8, "ticks": "outside", "tickwidth": 2}}}], "parcoords": [{"type": "parcoords", "line": {"colorbar": {"outlinewidth": 10, "tickcolor": "rgb(36,36,36)", "ticklen": 8, "ticks": "outside", "tickwidth": 2}}}], "scatterpolargl": [{"type": "scatterpolargl", "marker": {"colorbar": {"outlinewidth": 10, "tickcolor": "rgb(36,36,36)", "ticklen": 8, "ticks": "outside", "tickwidth": 2}}}], "bar": [{"error_x": {"color": "rgb(36,36,36)"}, "error_y": {"color": "rgb(36,36,36)"}, "marker": {"line": {"color": "white", "width": 0.5}}, "type": "bar"}], "scattergeo": [{"type": "scattergeo", "marker": {"colorbar": {"outlinewidth": 10, "tickcolor": "rgb(36,36,36)", "ticklen": 8, "ticks": "outside", "tickwidth": 2}}}], "scatterpolar": [{"type": "scatterpolar", "marker": {"colorbar": {"outlinewidth": 10, "tickcolor": "rgb(36,36,36)", "ticklen": 8, "ticks": "outside", "tickwidth": 2}}}], "histogram": [{"marker": {"line": {"color": "white", "width": 0.6}}, "type": "histogram"}], "scattergl": [{"type": "scattergl", "marker": {"colorbar": {"outlinewidth": 10, "tickcolor": "rgb(36,36,36)", "ticklen": 8, "ticks": "outside", "tickwidth": 2}}}], "scatter3d": [{"type": "scatter3d", "line": {"colorbar": {"outlinewidth": 10, "tickcolor": "rgb(36,36,36)", "ticklen": 8, "ticks": "outside", "tickwidth": 2}}, "marker": {"colorbar": {"outlinewidth": 10, "tickcolor": "rgb(36,36,36)", "ticklen": 8, "ticks": "outside", "tickwidth": 2}}}], "scattermapbox": [{"type": "scattermapbox", "marker": {"colorbar": {"outlinewidth": 10, "tickcolor": "rgb(36,36,36)", "ticklen": 8, "ticks": "outside", "tickwidth": 2}}}], "scatterternary": [{"type": "scatterternary", "marker": {"colorbar": {"outlinewidth": 10, "tickcolor": "rgb(36,36,36)", "ticklen": 8, "ticks": "outside", "tickwidth": 2}}}], "scattercarpet": [{"type": "scattercarpet", "marker": {"colorbar": {"outlinewidth": 10, "tickcolor": "rgb(36,36,36)", "ticklen": 8, "ticks": "outside", "tickwidth": 2}}}], "carpet": [{"aaxis": {"endlinecolor": "rgb(36,36,36)", "gridcolor": "white", "linecolor": "white", "minorgridcolor": "white", "startlinecolor": "rgb(36,36,36)"}, "baxis": {"endlinecolor": "rgb(36,36,36)", "gridcolor": "white", "linecolor": "white", "minorgridcolor": "white", "startlinecolor": "rgb(36,36,36)"}, "type": "carpet"}], "table": [{"cells": {"fill": {"color": "rgb(237,237,237)"}, "line": {"color": "white"}}, "header": {"fill": {"color": "rgb(217,217,217)"}, "line": {"color": "white"}}, "type": "table"}], "barpolar": [{"marker": {"line": {"color": "white", "width": 0.5}}, "type": "barpolar"}], "pie": [{"automargin": true, "type": "pie"}]}}